CodigoEstacion,NombreEstacion,Latitud,Longitud,Altitud,Categoria,Entidad,AreaOperativa,Departamento,Municipio,FechaInstalacion,FechaSuspension,IdParametro,Etiqueta,DescripcionSerie,Frecuencia,Fecha,Valor,Grado,Calificador,NivelAprobacion
3502700146,GUAYABETAL RIO NEGRO 1 - AUT [3502700146],4.227132,-73.819327,997,Limnigráfica,INSTITUTO DE HIDROLOGIA METEOROLOGIA Y ESTUDIOS AMBIENTALES,Area Operativa 03 - Meta-Guaviare-Guainía,Cundinamarca,Guayabetal,28/06/2019 00:00,,NIVEL,NV_MEDIA_D,Nivel medio diario,Diaria,2019-07-17 00:00,175.792079207921,50,,1200
3502700146,GUAYABETAL RIO NEGRO 1 - AUT [3502700146],4.227132,-73.819327,997,Limnigráfica,INSTITUTO DE HIDROLOGIA METEOROLOGIA Y ESTUDIOS AMBIENTALES,Area Operativa 03 - Meta-Guaviare-Guainía,Cundinamarca,Guayabetal,28/06/2019 00:00,,NIVEL,NV_MEDIA_D,Nivel medio diario,Diaria,2019-07-18 00:00,178.566520467836,50,,1200
3502700146,GUAYABETAL RIO NEGRO 1 - AUT [3502700146],4.227132,-73.819327,997,Limnigráfica,INSTITUTO DE HIDROLOGIA METEOROLOGIA Y ESTUDIOS AMBIENTALES,Area Operativa 03 - Meta-Guaviare-Guainía,Cundinamarca,Guayabetal,28/06/2019 00:00,,NIVEL,NV_MEDIA_D,Nivel medio diario,Diaria,2019-07-19 00:00,389.071947674419,50,,1200
3502700146,GUAYABETAL RIO NEGRO 1 - AUT [3502700146],4.227132,-73.819327,997,Limnigráfica,INSTITUTO DE HIDROLOGIA METEOROLOGIA Y ESTUDIOS AMBIENTALES,Area Operativa 03 - Meta-Guaviare-Guainía,Cundinamarca,Guayabetal,28/06/2019 00:00,,NIVEL,NV_MEDIA_D,Nivel medio diario,Diaria,2019-07-20 00:00,365.966569767442,50,,1200
3502700146,GUAYABETAL RIO NEGRO 1 - AUT [3502700146],4.227132,-73.819327,997,Limnigráfica,INSTITUTO DE HIDROLOGIA METEOROLOGIA Y ESTUDIOS AMBIENTALES,Area Operativa 03 - Meta-Guaviare-Guainía,Cundinamarca,Guayabetal,28/06/2019 00:00,,NIVEL,NV_MEDIA_D,Nivel medio diario,Diaria,2019-07-21 00:00,354.108284883721,50,,1200
3502700146,GUAYABETAL RIO NEGRO 1 - AUT [3502700146],4.227132,-73.819327,997,Limnigráfica,INSTITUTO DE HIDROLOGIA METEOROLOGIA Y ESTUDIOS AMBIENTALES,Area Operativa 03 - Meta-Guaviare-Guainía,Cundinamarca,Guayabetal,28/06/2019 00:00,,NIVEL,NV_MEDIA_D,Nivel medio diario,Diaria,2019-07-22 00:00,339.535871156662,50,,1200
3502700146,GUAYABETAL RIO NEGRO 1 - AUT [3502700146],4.227132,-73.819327,997,Limnigráfica,INSTITUTO DE HIDROLOGIA METEOROLOGIA Y ESTUDIOS AMBIENTALES,Area Operativa 03 - Meta-Guaviare-Guainía,Cundinamarca,Guayabetal,28/06/2019 00:00,,NIVEL,NV_MEDIA_D,Nivel medio diario,Diaria,2019-07-23 00:00,337.734442836469,50,,1200
3502700146,GUAYABETAL RIO NEGRO 1 - AUT [3502700146],4.227132,-73.819327,997,Limnigráfica,INSTITUTO DE HIDROLOGIA METEOROLOGIA Y ESTUDIOS AMBIENTALES,Area Operativa 03 - Meta-Guaviare-Guainía,Cundinamarca,Guayabetal,28/06/2019 00:00,,NIVEL,NV_MEDIA_D,Nivel medio diario,Diaria,2019-07-24 00:00,322.461038961039,50,,1200
3502700146,GUAYABETAL RIO NEGRO 1 - AUT [3502700146],4.227132,-73.819327,997,Limnigráfica,INSTITUTO DE HIDROLOGIA METEOROLOGIA Y ESTUDIOS AMBIENTALES,Area Operativa 03 - Meta-Guaviare-Guainía,Cundinamarca,Guayabetal,28/06/2019 00:00,,NIVEL,NV_MEDIA_D,Nivel medio diario,Diaria,2019-07-25 00:00,306.491279069767,50,,1200
3502700146,GUAYABETAL RIO NEGRO 1 - AUT [3502700146],4.227132,-73.819327,997,Limnigráfica,INSTITUTO DE HIDROLOGIA METEOROLOGIA Y ESTUDIOS AMBIENTALES,Area Operativa 03 - Meta-Guaviare-Guainía,Cundinamarca,Guayabetal,28/06/2019 00:00,,NIVEL,NV_MEDIA_D,Nivel medio diario,Diaria,2019-07-26 00:00,299.111594202899,50,,1200
3502700146,GUAYABETAL RIO NEGRO 1 - AUT [3502700146],4.227132,-73.819327,997,Limnigráfica,INSTITUTO DE HIDROLOGIA METEOROLOGIA Y ESTUDIOS AMBIENTALES,Area Operativa 03 - Meta-Guaviare-Guainía,Cundinamarca,Guayabetal,28/06/2019 00:00,,NIVEL,NV_MEDIA_D,Nivel medio diario,Diaria,2019-07-27 00:00,304.936507936508,50,,1200
3502700146,GUAYABETAL RIO NEGRO 1 - AUT [3502700146],4.227132,-73.819327,997,Limnigráfica,INSTITUTO DE HIDROLOGIA METEOROLOGIA Y ESTUDIOS AMBIENTALES,Area Operativa 03 - Meta-Guaviare-Guainía,Cundinamarca,Guayabetal,28/06/2019 00:00,,NIVEL,NV_MEDIA_D,Nivel medio diario,Diaria,2019-07-28 00:00,314.526011560694,50,,1200
3502700146,GUAYABETAL RIO NEGRO 1 - AUT [3502700146],4.227132,-73.819327,997,Limnigráfica,INSTITUTO DE HIDROLOGIA METEOROLOGIA Y ESTUDIOS AMBIENTALES,Area Operativa 03 - Meta-Guaviare-Guainía,Cundinamarca,Guayabetal,28/06/2019 00:00,,NIVEL,NV_MEDIA_D,Nivel medio diario,Diaria,2019-07-29 00:00,298.73049132948,50,,1200
3502700146,GUAYABETAL RIO NEGRO 1 - AUT [3502700146],4.227132,-73.819327,997,Limnigráfica,INSTITUTO DE HIDROLOGIA METEOROLOGIA Y ESTUDIOS AMBIENTALES,Area Operativa 03 - Meta-Guaviare-Guainía,Cundinamarca,Guayabetal,28/06/2019 00:00,,NIVEL,NV_MEDIA_D,Nivel medio diario,Diaria,2019-07-30 00:00,288.34347826087,50,,1200
3502700146,GUAYABETAL RIO NEGRO 1 - AUT [3502700146],4.227132,-73.819327,997,Limnigráfica,INSTITUTO DE HIDROLOGIA METEOROLOGIA Y ESTUDIOS AMBIENTALES,Area Operativa 03 - Meta-Guaviare-Guainía,Cundinamarca,Guayabetal,28/06/2019 00:00,,NIVEL,NV_MEDIA_D,Nivel medio diario,Diaria,2019-07-31 00:00,284.541847041847,50,,1200
3502700146,GUAYABETAL RIO NEGRO 1 - AUT [3502700146],4.227132,-73.819327,997,Limnigráfica,INSTITUTO DE HIDROLOGIA METEOROLOGIA Y ESTUDIOS AMBIENTALES,Area Operativa 03 - Meta-Guaviare-Guainía,Cundinamarca,Guayabetal,28/06/2019 00:00,,NIVEL,NV_MEDIA_D,Nivel medio diario,Diaria,2019-08-01 00:00,281.017341040462,50,,1200
3502700146,GUAYABETAL RIO NEGRO 1 - AUT [3502700146],4.227132,-73.819327,997,Limnigráfica,INSTITUTO DE HIDROLOGIA METEOROLOGIA Y ESTUDIOS AMBIENTALES,Area Operativa 03 - Meta-Guaviare-Guainía,Cundinamarca,Guayabetal,28/06/2019 00:00,,NIVEL,NV_MEDIA_D,Nivel medio diario,Diaria,2019-08-02 00:00,277.774637681159,50,,1200
3502700146,GUAYABETAL RIO NEGRO 1 - AUT [3502700146],4.227132,-73.819327,997,Limnigráfica,INSTITUTO DE HIDROLOGIA METEOROLOGIA Y ESTUDIOS AMBIENTALES,Area Operativa 03 - Meta-Guaviare-Guainía,Cundinamarca,Guayabetal,28/06/2019 00:00,,NIVEL,NV_MEDIA_D,Nivel medio diario,Diaria,2019-08-03 00:00,305.204906204906,50,,1200
3502700146,GUAYABETAL RIO NEGRO 1 - AUT [3502700146],4.227132,-73.819327,997,Limnigráfica,INSTITUTO DE HIDROLOGIA METEOROLOGIA Y ESTUDIOS AMBIENTALES,Area Operativa 03 - Meta-Guaviare-Guainía,Cundinamarca,Guayabetal,28/06/2019 00:00,,NIVEL,NV_MEDIA_D,Nivel medio diario,Diaria,2019-08-04 00:00,311.50289017341,50,,1200
3502700146,GUAYABETAL RIO NEGRO 1 - AUT [3502700146],4.227132,-73.819327,997,Limnigráfica,INSTITUTO DE HIDROLOGIA METEOROLOGIA Y ESTUDIOS AMBIENTALES,Area Operativa 03 - Meta-Guaviare-Guainía,Cundinamarca,Guayabetal,28/06/2019 00:00,,NIVEL,NV_MEDIA_D,Nivel medio diario,Diaria,2019-08-05 00:00,307.714389534884,50,,1200
3502700146,GUAYABETAL RIO NEGRO 1 - AUT [3502700146],4.227132,-73.819327,997,Limnigráfica,INSTITUTO DE HIDROLOGIA METEOROLOGIA Y ESTUDIOS AMBIENTALES,Area Operativa 03 - Meta-Guaviare-Guainía,Cundinamarca,Guayabetal,28/06/2019 00:00,,NIVEL,NV_MEDIA_D,Nivel medio diario,Diaria,2019-08-06 00:00,292.655882352941,50,,1200
3502700146,GUAYABETAL RIO NEGRO 1 - AUT [3502700146],4.227132,-73.819327,997,Limnigráfica,INSTITUTO DE HIDROLOGIA METEOROLOGIA Y ESTUDIOS AMBIENTALES,Area Operativa 03 - Meta-Guaviare-Guainía,Cundinamarca,Guayabetal,28/06/2019 00:00,,NIVEL,NV_MEDIA_D,Nivel medio diario,Diaria,2019-08-07 00:00,282.798398835517,50,,1200
3502700146,GUAYABETAL RIO NEGRO 1 - AUT [3502700146],4.227132,-73.819327,997,Limnigráfica,INSTITUTO DE HIDROLOGIA METEOROLOGIA Y ESTUDIOS AMBIENTALES,Area Operativa 03 - Meta-Guaviare-Guainía,Cundinamarca,Guayabetal,28/06/2019 00:00,,NIVEL,NV_MEDIA_D,Nivel medio diario,Diaria,2019-08-08 00:00,303.546165884194,50,,1200
3502700146,GUAYABETAL RIO NEGRO 1 - AUT [3502700146],4.227132,-73.819327,997,Limnigráfica,INSTITUTO DE HIDROLOGIA METEOROLOGIA Y ESTUDIOS AMBIENTALES,Area Operativa 03 - Meta-Guaviare-Guainía,Cundinamarca,Guayabetal,28/06/2019 00:00,,NIVEL,NV_MEDIA_D,Nivel medio diario,Diaria,2019-08-09 00:00,293.565217391304,50,,1200
3502700146,GUAYABETAL RIO NEGRO 1 - AUT [3502700146],4.227132,-73.819327,997,Limnigráfica,INSTITUTO DE HIDROLOGIA METEOROLOGIA Y ESTUDIOS AMBIENTALES,Area Operativa 03 - Meta-Guaviare-Guainía,Cundinamarca,Guayabetal,28/06/2019 00:00,,NIVEL,NV_MEDIA_D,Nivel medio diario,Diaria,2019-08-10 00:00,285.724163027656,50,,1200
3502700146,GUAYABETAL RIO NEGRO 1 - AUT [3502700146],4.227132,-73.819327,997,Limnigráfica,INSTITUTO DE HIDROLOGIA METEOROLOGIA Y ESTUDIOS AMBIENTALES,Area Operativa 03 - Meta-Guaviare-Guainía,Cundinamarca,Guayabetal,28/06/2019 00:00,,NIVEL,NV_MEDIA_D,Nivel medio diario,Diaria,2019-08-11 00:00,289.93487698987,50,,1200
3502700146,GUAYABETAL RIO NEGRO 1 - AUT [3502700146],4.227132,-73.819327,997,Limnigráfica,INSTITUTO DE HIDROLOGIA METEOROLOGIA Y ESTUDIOS AMBIENTALES,Area Operativa 03 - Meta-Guaviare-Guainía,Cundinamarca,Guayabetal,28/06/2019 00:00,,NIVEL,NV_MEDIA_D,Nivel medio diario,Diaria,2019-08-12 00:00,288.527496382055,50,,1200
3502700146,GUAYABETAL RIO NEGRO 1 - AUT [3502700146],4.227132,-73.819327,997,Limnigráfica,INSTITUTO DE HIDROLOGIA METEOROLOGIA Y ESTUDIOS AMBIENTALES,Area Operativa 03 - Meta-Guaviare-Guainía,Cundinamarca,Guayabetal,28/06/2019 00:00,,NIVEL,NV_MEDIA_D,Nivel medio diario,Diaria,2019-08-13 00:00,340.91341991342,50,,1200
3502700146,GUAYABETAL RIO NEGRO 1 - AUT [3502700146],4.227132,-73.819327,997,Limnigráfica,INSTITUTO DE HIDROLOGIA METEOROLOGIA Y ESTUDIOS AMBIENTALES,Area Operativa 03 - Meta-Guaviare-Guainía,Cundinamarca,Guayabetal,28/06/2019 00:00,,NIVEL,NV_MEDIA_D,Nivel medio diario,Diaria,2019-08-14 00:00,384.409288824383,50,,1200
3502700146,GUAYABETAL RIO NEGRO 1 - AUT [3502700146],4.227132,-73.819327,997,Limnigráfica,INSTITUTO DE HIDROLOGIA METEOROLOGIA Y ESTUDIOS AMBIENTALES,Area Operativa 03 - Meta-Guaviare-Guainía,Cundinamarca,Guayabetal,28/06/2019 00:00,,NIVEL,NV_MEDIA_D,Nivel medio diario,Diaria,2019-08-15 00:00,355.876445086705,50,,1200
3502700146,GUAYABETAL RIO NEGRO 1 - AUT [3502700146],4.227132,-73.819327,997,Limnigráfica,INSTITUTO DE HIDROLOGIA METEOROLOGIA Y ESTUDIOS AMBIENTALES,Area Operativa 03 - Meta-Guaviare-Guainía,Cundinamarca,Guayabetal,28/06/2019 00:00,,NIVEL,NV_MEDIA_D,Nivel medio diario,Diaria,2019-08-16 00:00,336,50,,1200
3502700146,GUAYABETAL RIO NEGRO 1 - AUT [3502700146],4.227132,-73.819327,997,Limnigráfica,INSTITUTO DE HIDROLOGIA METEOROLOGIA Y ESTUDIOS AMBIENTALES,Area Operativa 03 - Meta-Guaviare-Guainía,Cundinamarca,Guayabetal,28/06/2019 00:00,,NIVEL,NV_MEDIA_D,Nivel medio diario,Diaria,2019-08-17 00:00,332.888888888889,50,,1200
3502700146,GUAYABETAL RIO NEGRO 1 - AUT [3502700146],4.227132,-73.819327,997,Limnigráfica,INSTITUTO DE HIDROLOGIA METEOROLOGIA Y ESTUDIOS AMBIENTALES,Area Operativa 03 - Meta-Guaviare-Guainía,Cundinamarca,Guayabetal,28/06/2019 00:00,,NIVEL,NV_MEDIA_D,Nivel medio diario,Diaria,2019-08-18 00:00,326.668831168831,50,,1200
3502700146,GUAYABETAL RIO NEGRO 1 - AUT [3502700146],4.227132,-73.819327,997,Limnigráfica,INSTITUTO DE HIDROLOGIA METEOROLOGIA Y ESTUDIOS AMBIENTALES,Area Operativa 03 - Meta-Guaviare-Guainía,Cundinamarca,Guayabetal,28/06/2019 00:00,,NIVEL,NV_MEDIA_D,Nivel medio diario,Diaria,2019-08-19 00:00,366.249639249639,50,,1200
3502700146,GUAYABETAL RIO NEGRO 1 - AUT [3502700146],4.227132,-73.819327,997,Limnigráfica,INSTITUTO DE HIDROLOGIA METEOROLOGIA Y ESTUDIOS AMBIENTALES,Area Operativa 03 - Meta-Guaviare-Guainía,Cundinamarca,Guayabetal,28/06/2019 00:00,,NIVEL,NV_MEDIA_D,Nivel medio diario,Diaria,2019-08-20 00:00,338.549062049062,50,,1200
3502700146,GUAYABETAL RIO NEGRO 1 - AUT [3502700146],4.227132,-73.819327,997,Limnigráfica,INSTITUTO DE HIDROLOGIA METEOROLOGIA Y ESTUDIOS AMBIENTALES,Area Operativa 03 - Meta-Guaviare-Guainía,Cundinamarca,Guayabetal,28/06/2019 00:00,,NIVEL,NV_MEDIA_D,Nivel medio diario,Diaria,2019-08-21 00:00,322.636563876652,50,,1200
3502700146,GUAYABETAL RIO NEGRO 1 - AUT [3502700146],4.227132,-73.819327,997,Limnigráfica,INSTITUTO DE HIDROLOGIA METEOROLOGIA Y ESTUDIOS AMBIENTALES,Area Operativa 03 - Meta-Guaviare-Guainía,Cundinamarca,Guayabetal,28/06/2019 00:00,,NIVEL,NV_MEDIA_D,Nivel medio diario,Diaria,2019-08-22 00:00,308.899860917942,50,,1200
3502700146,GUAYABETAL RIO NEGRO 1 - AUT [3502700146],4.227132,-73.819327,997,Limnigráfica,INSTITUTO DE HIDROLOGIA METEOROLOGIA Y ESTUDIOS AMBIENTALES,Area Operativa 03 - Meta-Guaviare-Guainía,Cundinamarca,Guayabetal,28/06/2019 00:00,,NIVEL,NV_MEDIA_D,Nivel medio diario,Diaria,2019-08-23 00:00,306.77496382055,50,,1200
3502700146,GUAYABETAL RIO NEGRO 1 - AUT [3502700146],4.227132,-73.819327,997,Limnigráfica,INSTITUTO DE HIDROLOGIA METEOROLOGIA Y ESTUDIOS AMBIENTALES,Area Operativa 03 - Meta-Guaviare-Guainía,Cundinamarca,Guayabetal,28/06/2019 00:00,,NIVEL,NV_MEDIA_D,Nivel medio diario,Diaria,2019-08-24 00:00,305.520923520924,50,,1200
3502700146,GUAYABETAL RIO NEGRO 1 - AUT [3502700146],4.227132,-73.819327,997,Limnigráfica,INSTITUTO DE HIDROLOGIA METEOROLOGIA Y ESTUDIOS AMBIENTALES,Area Operativa 03 - Meta-Guaviare-Guainía,Cundinamarca,Guayabetal,28/06/2019 00:00,,NIVEL,NV_MEDIA_D,Nivel medio diario,Diaria,2019-08-25 00:00,301.707070707071,50,,1200
3502700146,GUAYABETAL RIO NEGRO 1 - AUT [3502700146],4.227132,-73.819327,997,Limnigráfica,INSTITUTO DE HIDROLOGIA METEOROLOGIA Y ESTUDIOS AMBIENTALES,Area Operativa 03 - Meta-Guaviare-Guainía,Cundinamarca,Guayabetal,28/06/2019 00:00,,NIVEL,NV_MEDIA_D,Nivel medio diario,Diaria,2019-08-26 00:00,314.809420289855,50,,1200
3502700146,GUAYABETAL RIO NEGRO 1 - AUT [3502700146],4.227132,-73.819327,997,Limnigráfica,INSTITUTO DE HIDROLOGIA METEOROLOGIA Y ESTUDIOS AMBIENTALES,Area Operativa 03 - Meta-Guaviare-Guainía,Cundinamarca,Guayabetal,28/06/2019 00:00,,NIVEL,NV_MEDIA_D,Nivel medio diario,Diaria,2019-08-27 00:00,299.685425685426,50,,1200
3502700146,GUAYABETAL RIO NEGRO 1 - AUT [3502700146],4.227132,-73.819327,997,Limnigráfica,INSTITUTO DE HIDROLOGIA METEOROLOGIA Y ESTUDIOS AMBIENTALES,Area Operativa 03 - Meta-Guaviare-Guainía,Cundinamarca,Guayabetal,28/06/2019 00:00,,NIVEL,NV_MEDIA_D,Nivel medio diario,Diaria,2019-08-28 00:00,301.250700280112,50,,1200
3502700146,GUAYABETAL RIO NEGRO 1 - AUT [3502700146],4.227132,-73.819327,997,Limnigráfica,INSTITUTO DE HIDROLOGIA METEOROLOGIA Y ESTUDIOS AMBIENTALES,Area Operativa 03 - Meta-Guaviare-Guainía,Cundinamarca,Guayabetal,28/06/2019 00:00,,NIVEL,NV_MEDIA_D,Nivel medio diario,Diaria,2019-08-29 00:00,301.247807017544,50,,1200
3502700146,GUAYABETAL RIO NEGRO 1 - AUT [3502700146],4.227132,-73.819327,997,Limnigráfica,INSTITUTO DE HIDROLOGIA METEOROLOGIA Y ESTUDIOS AMBIENTALES,Area Operativa 03 - Meta-Guaviare-Guainía,Cundinamarca,Guayabetal,28/06/2019 00:00,,NIVEL,NV_MEDIA_D,Nivel medio diario,Diaria,2019-08-30 00:00,291.833092485549,50,,1200
3502700146,GUAYABETAL RIO NEGRO 1 - AUT [3502700146],4.227132,-73.819327,997,Limnigráfica,INSTITUTO DE HIDROLOGIA METEOROLOGIA Y ESTUDIOS AMBIENTALES,Area Operativa 03 - Meta-Guaviare-Guainía,Cundinamarca,Guayabetal,28/06/2019 00:00,,NIVEL,NV_MEDIA_D,Nivel medio diario,Diaria,2019-08-31 00:00,288.147907647908,50,,1200
3502700146,GUAYABETAL RIO NEGRO 1 - AUT [3502700146],4.227132,-73.819327,997,Limnigráfica,INSTITUTO DE HIDROLOGIA METEOROLOGIA Y ESTUDIOS AMBIENTALES,Area Operativa 03 - Meta-Guaviare-Guainía,Cundinamarca,Guayabetal,28/06/2019 00:00,,NIVEL,NV_MEDIA_D,Nivel medio diario,Diaria,2019-09-01 00:00,290.534732272069,50,,1200
3502700146,GUAYABETAL RIO NEGRO 1 - AUT [3502700146],4.227132,-73.819327,997,Limnigráfica,INSTITUTO DE HIDROLOGIA METEOROLOGIA Y ESTUDIOS AMBIENTALES,Area Operativa 03 - Meta-Guaviare-Guainía,Cundinamarca,Guayabetal,28/06/2019 00:00,,NIVEL,NV_MEDIA_D,Nivel medio diario,Diaria,2019-09-02 00:00,348.310144927536,50,,1200
3502700146,GUAYABETAL RIO NEGRO 1 - AUT [3502700146],4.227132,-73.819327,997,Limnigráfica,INSTITUTO DE HIDROLOGIA METEOROLOGIA Y ESTUDIOS AMBIENTALES,Area Operativa 03 - Meta-Guaviare-Guainía,Cundinamarca,Guayabetal,28/06/2019 00:00,,NIVEL,NV_MEDIA_D,Nivel medio diario,Diaria,2019-09-03 00:00,310.003612716763,50,,1200
3502700146,GUAYABETAL RIO NEGRO 1 - AUT [3502700146],4.227132,-73.819327,997,Limnigráfica,INSTITUTO DE HIDROLOGIA METEOROLOGIA Y ESTUDIOS AMBIENTALES,Area Operativa 03 - Meta-Guaviare-Guainía,Cundinamarca,Guayabetal,28/06/2019 00:00,,NIVEL,NV_MEDIA_D,Nivel medio diario,Diaria,2019-09-04 00:00,303.507246376812,50,,1200
3502700146,GUAYABETAL RIO NEGRO 1 - AUT [3502700146],4.227132,-73.819327,997,Limnigráfica,INSTITUTO DE HIDROLOGIA METEOROLOGIA Y ESTUDIOS AMBIENTALES,Area Operativa 03 - Meta-Guaviare-Guainía,Cundinamarca,Guayabetal,28/06/2019 00:00,,NIVEL,NV_MEDIA_D,Nivel medio diario,Diaria,2019-09-05 00:00,300.298518518518,50,,1200
3502700146,GUAYABETAL RIO NEGRO 1 - AUT [3502700146],4.227132,-73.819327,997,Limnigráfica,INSTITUTO DE HIDROLOGIA METEOROLOGIA Y ESTUDIOS AMBIENTALES,Area Operativa 03 - Meta-Guaviare-Guainía,Cundinamarca,Guayabetal,28/06/2019 00:00,,NIVEL,NV_MEDIA_D,Nivel medio diario,Diaria,2019-09-06 00:00,303.385369532428,50,,1200
3502700146,GUAYABETAL RIO NEGRO 1 - AUT [3502700146],4.227132,-73.819327,997,Limnigráfica,INSTITUTO DE HIDROLOGIA METEOROLOGIA Y ESTUDIOS AMBIENTALES,Area Operativa 03 - Meta-Guaviare-Guainía,Cundinamarca,Guayabetal,28/06/2019 00:00,,NIVEL,NV_MEDIA_D,Nivel medio diario,Diaria,2019-09-07 00:00,297.014908256881,50,,1200
3502700146,GUAYABETAL RIO NEGRO 1 - AUT [3502700146],4.227132,-73.819327,997,Limnigráfica,INSTITUTO DE HIDROLOGIA METEOROLOGIA Y ESTUDIOS AMBIENTALES,Area Operativa 03 - Meta-Guaviare-Guainía,Cundinamarca,Guayabetal,28/06/2019 00:00,,NIVEL,NV_MEDIA_D,Nivel medio diario,Diaria,2019-09-08 00:00,294.401119402985,50,,1200
3502700146,GUAYABETAL RIO NEGRO 1 - AUT [3502700146],4.227132,-73.819327,997,Limnigráfica,INSTITUTO DE HIDROLOGIA METEOROLOGIA Y ESTUDIOS AMBIENTALES,Area Operativa 03 - Meta-Guaviare-Guainía,Cundinamarca,Guayabetal,28/06/2019 00:00,,NIVEL,NV_MEDIA_D,Nivel medio diario,Diaria,2019-09-09 00:00,294.714809384164,50,,1200
3502700146,GUAYABETAL RIO NEGRO 1 - AUT [3502700146],4.227132,-73.819327,997,Limnigráfica,INSTITUTO DE HIDROLOGIA METEOROLOGIA Y ESTUDIOS AMBIENTALES,Area Operativa 03 - Meta-Guaviare-Guainía,Cundinamarca,Guayabetal,28/06/2019 00:00,,NIVEL,NV_MEDIA_D,Nivel medio diario,Diaria,2019-09-10 00:00,292.824347826087,50,,1200
3502700146,GUAYABETAL RIO NEGRO 1 - AUT [3502700146],4.227132,-73.819327,997,Limnigráfica,INSTITUTO DE HIDROLOGIA METEOROLOGIA Y ESTUDIOS AMBIENTALES,Area Operativa 03 - Meta-Guaviare-Guainía,Cundinamarca,Guayabetal,28/06/2019 00:00,,NIVEL,NV_MEDIA_D,Nivel medio diario,Diaria,2019-09-11 00:00,295.727930535456,50,,1200
3502700146,GUAYABETAL RIO NEGRO 1 - AUT [3502700146],4.227132,-73.819327,997,Limnigráfica,INSTITUTO DE HIDROLOGIA METEOROLOGIA Y ESTUDIOS AMBIENTALES,Area Operativa 03 - Meta-Guaviare-Guainía,Cundinamarca,Guayabetal,28/06/2019 00:00,,NIVEL,NV_MEDIA_D,Nivel medio diario,Diaria,2019-09-12 00:00,293.290764790765,50,,1200
3502700146,GUAYABETAL RIO NEGRO 1 - AUT [3502700146],4.227132,-73.819327,997,Limnigráfica,INSTITUTO DE HIDROLOGIA METEOROLOGIA Y ESTUDIOS AMBIENTALES,Area Operativa 03 - Meta-Guaviare-Guainía,Cundinamarca,Guayabetal,28/06/2019 00:00,,NIVEL,NV_MEDIA_D,Nivel medio diario,Diaria,2019-09-13 00:00,292.112554112554,50,,1200
3502700146,GUAYABETAL RIO NEGRO 1 - AUT [3502700146],4.227132,-73.819327,997,Limnigráfica,INSTITUTO DE HIDROLOGIA METEOROLOGIA Y ESTUDIOS AMBIENTALES,Area Operativa 03 - Meta-Guaviare-Guainía,Cundinamarca,Guayabetal,28/06/2019 00:00,,NIVEL,NV_MEDIA_D,Nivel medio diario,Diaria,2019-09-14 00:00,294.417510853835,50,,1200
3502700146,GUAYABETAL RIO NEGRO 1 - AUT [3502700146],4.227132,-73.819327,997,Limnigráfica,INSTITUTO DE HIDROLOGIA METEOROLOGIA Y ESTUDIOS AMBIENTALES,Area Operativa 03 - Meta-Guaviare-Guainía,Cundinamarca,Guayabetal,28/06/2019 00:00,,NIVEL,NV_MEDIA_D,Nivel medio diario,Diaria,2019-09-15 00:00,292.435820895522,50,,1200
3502700146,GUAYABETAL RIO NEGRO 1 - AUT [3502700146],4.227132,-73.819327,997,Limnigráfica,INSTITUTO DE HIDROLOGIA METEOROLOGIA Y ESTUDIOS AMBIENTALES,Area Operativa 03 - Meta-Guaviare-Guainía,Cundinamarca,Guayabetal,28/06/2019 00:00,,NIVEL,NV_MEDIA_D,Nivel medio diario,Diaria,2019-09-16 00:00,290.222222222222,50,,1200
3502700146,GUAYABETAL RIO NEGRO 1 - AUT [3502700146],4.227132,-73.819327,997,Limnigráfica,INSTITUTO DE HIDROLOGIA METEOROLOGIA Y ESTUDIOS AMBIENTALES,Area Operativa 03 - Meta-Guaviare-Guainía,Cundinamarca,Guayabetal,28/06/2019 00:00,,NIVEL,NV_MEDIA_D,Nivel medio diario,Diaria,2019-09-17 00:00,289.5499276411,50,,1200
3502700146,GUAYABETAL RIO NEGRO 1 - AUT [3502700146],4.227132,-73.819327,997,Limnigráfica,INSTITUTO DE HIDROLOGIA METEOROLOGIA Y ESTUDIOS AMBIENTALES,Area Operativa 03 - Meta-Guaviare-Guainía,Cundinamarca,Guayabetal,28/06/2019 00:00,,NIVEL,NV_MEDIA_D,Nivel medio diario,Diaria,2019-09-18 00:00,289.90404040404,50,,1200
3502700146,GUAYABETAL RIO NEGRO 1 - AUT [3502700146],4.227132,-73.819327,997,Limnigráfica,INSTITUTO DE HIDROLOGIA METEOROLOGIA Y ESTUDIOS AMBIENTALES,Area Operativa 03 - Meta-Guaviare-Guainía,Cundinamarca,Guayabetal,28/06/2019 00:00,,NIVEL,NV_MEDIA_D,Nivel medio diario,Diaria,2019-09-19 00:00,291.398697539797,50,,1200
3502700146,GUAYABETAL RIO NEGRO 1 - AUT [3502700146],4.227132,-73.819327,997,Limnigráfica,INSTITUTO DE HIDROLOGIA METEOROLOGIA Y ESTUDIOS AMBIENTALES,Area Operativa 03 - Meta-Guaviare-Guainía,Cundinamarca,Guayabetal,28/06/2019 00:00,,NIVEL,NV_MEDIA_D,Nivel medio diario,Diaria,2019-09-20 00:00,294.223589001447,50,,1200
3502700146,GUAYABETAL RIO NEGRO 1 - AUT [3502700146],4.227132,-73.819327,997,Limnigráfica,INSTITUTO DE HIDROLOGIA METEOROLOGIA Y ESTUDIOS AMBIENTALES,Area Operativa 03 - Meta-Guaviare-Guainía,Cundinamarca,Guayabetal,28/06/2019 00:00,,NIVEL,NV_MEDIA_D,Nivel medio diario,Diaria,2019-09-21 00:00,296.808080808081,50,,1200
3502700146,GUAYABETAL RIO NEGRO 1 - AUT [3502700146],4.227132,-73.819327,997,Limnigráfica,INSTITUTO DE HIDROLOGIA METEOROLOGIA Y ESTUDIOS AMBIENTALES,Area Operativa 03 - Meta-Guaviare-Guainía,Cundinamarca,Guayabetal,28/06/2019 00:00,,NIVEL,NV_MEDIA_D,Nivel medio diario,Diaria,2019-09-22 00:00,290.181096681097,50,,1200
3502700146,GUAYABETAL RIO NEGRO 1 - AUT [3502700146],4.227132,-73.819327,997,Limnigráfica,INSTITUTO DE HIDROLOGIA METEOROLOGIA Y ESTUDIOS AMBIENTALES,Area Operativa 03 - Meta-Guaviare-Guainía,Cundinamarca,Guayabetal,28/06/2019 00:00,,NIVEL,NV_MEDIA_D,Nivel medio diario,Diaria,2019-09-23 00:00,288.747222222222,50,,1200
3502700146,GUAYABETAL RIO NEGRO 1 - AUT [3502700146],4.227132,-73.819327,997,Limnigráfica,INSTITUTO DE HIDROLOGIA METEOROLOGIA Y ESTUDIOS AMBIENTALES,Area Operativa 03 - Meta-Guaviare-Guainía,Cundinamarca,Guayabetal,28/06/2019 00:00,,NIVEL,NV_MEDIA_D,Nivel medio diario,Diaria,2019-09-24 00:00,286.813411078717,50,,1200
3502700146,GUAYABETAL RIO NEGRO 1 - AUT [3502700146],4.227132,-73.819327,997,Limnigráfica,INSTITUTO DE HIDROLOGIA METEOROLOGIA Y ESTUDIOS AMBIENTALES,Area Operativa 03 - Meta-Guaviare-Guainía,Cundinamarca,Guayabetal,28/06/2019 00:00,,NIVEL,NV_MEDIA_D,Nivel medio diario,Diaria,2019-09-25 00:00,288.436956521739,50,,1200
3502700146,GUAYABETAL RIO NEGRO 1 - AUT [3502700146],4.227132,-73.819327,997,Limnigráfica,INSTITUTO DE HIDROLOGIA METEOROLOGIA Y ESTUDIOS AMBIENTALES,Area Operativa 03 - Meta-Guaviare-Guainía,Cundinamarca,Guayabetal,28/06/2019 00:00,,NIVEL,NV_MEDIA_D,Nivel medio diario,Diaria,2019-09-26 00:00,290.251803751804,50,,1200
3502700146,GUAYABETAL RIO NEGRO 1 - AUT [3502700146],4.227132,-73.819327,997,Limnigráfica,INSTITUTO DE HIDROLOGIA METEOROLOGIA Y ESTUDIOS AMBIENTALES,Area Operativa 03 - Meta-Guaviare-Guainía,Cundinamarca,Guayabetal,28/06/2019 00:00,,NIVEL,NV_MEDIA_D,Nivel medio diario,Diaria,2019-09-27 00:00,285.68523878437,50,,1200
3502700146,GUAYABETAL RIO NEGRO 1 - AUT [3502700146],4.227132,-73.819327,997,Limnigráfica,INSTITUTO DE HIDROLOGIA METEOROLOGIA Y ESTUDIOS AMBIENTALES,Area Operativa 03 - Meta-Guaviare-Guainía,Cundinamarca,Guayabetal,28/06/2019 00:00,,NIVEL,NV_MEDIA_D,Nivel medio diario,Diaria,2019-09-28 00:00,284.624457308249,50,,1200
3502700146,GUAYABETAL RIO NEGRO 1 - AUT [3502700146],4.227132,-73.819327,997,Limnigráfica,INSTITUTO DE HIDROLOGIA METEOROLOGIA Y ESTUDIOS AMBIENTALES,Area Operativa 03 - Meta-Guaviare-Guainía,Cundinamarca,Guayabetal,28/06/2019 00:00,,NIVEL,NV_MEDIA_D,Nivel medio diario,Diaria,2019-09-29 00:00,290.342257597684,50,,1200
3502700146,GUAYABETAL RIO NEGRO 1 - AUT [3502700146],4.227132,-73.819327,997,Limnigráfica,INSTITUTO DE HIDROLOGIA METEOROLOGIA Y ESTUDIOS AMBIENTALES,Area Operativa 03 - Meta-Guaviare-Guainía,Cundinamarca,Guayabetal,28/06/2019 00:00,,NIVEL,NV_MEDIA_D,Nivel medio diario,Diaria,2019-09-30 00:00,288.476052249637,50,,1200
3502700146,GUAYABETAL RIO NEGRO 1 - AUT [3502700146],4.227132,-73.819327,997,Limnigráfica,INSTITUTO DE HIDROLOGIA METEOROLOGIA Y ESTUDIOS AMBIENTALES,Area Operativa 03 - Meta-Guaviare-Guainía,Cundinamarca,Guayabetal,28/06/2019 00:00,,NIVEL,NV_MEDIA_D,Nivel medio diario,Diaria,2019-10-01 00:00,285.191919191919,50,,1200
3502700146,GUAYABETAL RIO NEGRO 1 - AUT [3502700146],4.227132,-73.819327,997,Limnigráfica,INSTITUTO DE HIDROLOGIA METEOROLOGIA Y ESTUDIOS AMBIENTALES,Area Operativa 03 - Meta-Guaviare-Guainía,Cundinamarca,Guayabetal,28/06/2019 00:00,,NIVEL,NV_MEDIA_D,Nivel medio diario,Diaria,2019-10-02 00:00,284.270562770563,50,,1200
3502700146,GUAYABETAL RIO NEGRO 1 - AUT [3502700146],4.227132,-73.819327,997,Limnigráfica,INSTITUTO DE HIDROLOGIA METEOROLOGIA Y ESTUDIOS AMBIENTALES,Area Operativa 03 - Meta-Guaviare-Guainía,Cundinamarca,Guayabetal,28/06/2019 00:00,,NIVEL,NV_MEDIA_D,Nivel medio diario,Diaria,2019-10-03 00:00,322.645743145743,50,,1200
3502700146,GUAYABETAL RIO NEGRO 1 - AUT [3502700146],4.227132,-73.819327,997,Limnigráfica,INSTITUTO DE HIDROLOGIA METEOROLOGIA Y ESTUDIOS AMBIENTALES,Area Operativa 03 - Meta-Guaviare-Guainía,Cundinamarca,Guayabetal,28/06/2019 00:00,,NIVEL,NV_MEDIA_D,Nivel medio diario,Diaria,2019-10-04 00:00,298.704184704185,50,,1200
3502700146,GUAYABETAL RIO NEGRO 1 - AUT [3502700146],4.227132,-73.819327,997,Limnigráfica,INSTITUTO DE HIDROLOGIA METEOROLOGIA Y ESTUDIOS AMBIENTALES,Area Operativa 03 - Meta-Guaviare-Guainía,Cundinamarca,Guayabetal,28/06/2019 00:00,,NIVEL,NV_MEDIA_D,Nivel medio diario,Diaria,2019-10-05 00:00,289.981927710843,50,,1200
3502700146,GUAYABETAL RIO NEGRO 1 - AUT [3502700146],4.227132,-73.819327,997,Limnigráfica,INSTITUTO DE HIDROLOGIA METEOROLOGIA Y ESTUDIOS AMBIENTALES,Area Operativa 03 - Meta-Guaviare-Guainía,Cundinamarca,Guayabetal,28/06/2019 00:00,,NIVEL,NV_MEDIA_D,Nivel medio diario,Diaria,2019-10-06 00:00,288.806331471136,50,,1200
3502700146,GUAYABETAL RIO NEGRO 1 - AUT [3502700146],4.227132,-73.819327,997,Limnigráfica,INSTITUTO DE HIDROLOGIA METEOROLOGIA Y ESTUDIOS AMBIENTALES,Area Operativa 03 - Meta-Guaviare-Guainía,Cundinamarca,Guayabetal,28/06/2019 00:00,,NIVEL,NV_MEDIA_D,Nivel medio diario,Diaria,2019-10-07 00:00,288.44512195122,50,,1200
3502700146,GUAYABETAL RIO NEGRO 1 - AUT [3502700146],4.227132,-73.819327,997,Limnigráfica,INSTITUTO DE HIDROLOGIA METEOROLOGIA Y ESTUDIOS AMBIENTALES,Area Operativa 03 - Meta-Guaviare-Guainía,Cundinamarca,Guayabetal,28/06/2019 00:00,,NIVEL,NV_MEDIA_D,Nivel medio diario,Diaria,2019-10-08 00:00,288.974889217134,50,,1200
3502700146,GUAYABETAL RIO NEGRO 1 - AUT [3502700146],4.227132,-73.819327,997,Limnigráfica,INSTITUTO DE HIDROLOGIA METEOROLOGIA Y ESTUDIOS AMBIENTALES,Area Operativa 03 - Meta-Guaviare-Guainía,Cundinamarca,Guayabetal,28/06/2019 00:00,,NIVEL,NV_MEDIA_D,Nivel medio diario,Diaria,2019-10-09 00:00,289.901449275362,50,,1200
3502700146,GUAYABETAL RIO NEGRO 1 - AUT [3502700146],4.227132,-73.819327,997,Limnigráfica,INSTITUTO DE HIDROLOGIA METEOROLOGIA Y ESTUDIOS AMBIENTALES,Area Operativa 03 - Meta-Guaviare-Guainía,Cundinamarca,Guayabetal,28/06/2019 00:00,,NIVEL,NV_MEDIA_D,Nivel medio diario,Diaria,2019-10-10 00:00,286.899566473988,50,,1200
3502700146,GUAYABETAL RIO NEGRO 1 - AUT [3502700146],4.227132,-73.819327,997,Limnigráfica,INSTITUTO DE HIDROLOGIA METEOROLOGIA Y ESTUDIOS AMBIENTALES,Area Operativa 03 - Meta-Guaviare-Guainía,Cundinamarca,Guayabetal,28/06/2019 00:00,,NIVEL,NV_MEDIA_D,Nivel medio diario,Diaria,2019-10-11 00:00,290.677489177489,50,,1200
3502700146,GUAYABETAL RIO NEGRO 1 - AUT [3502700146],4.227132,-73.819327,997,Limnigráfica,INSTITUTO DE HIDROLOGIA METEOROLOGIA Y ESTUDIOS AMBIENTALES,Area Operativa 03 - Meta-Guaviare-Guainía,Cundinamarca,Guayabetal,28/06/2019 00:00,,NIVEL,NV_MEDIA_D,Nivel medio diario,Diaria,2019-10-12 00:00,295.476710334789,50,,1200
3502700146,GUAYABETAL RIO NEGRO 1 - AUT [3502700146],4.227132,-73.819327,997,Limnigráfica,INSTITUTO DE HIDROLOGIA METEOROLOGIA Y ESTUDIOS AMBIENTALES,Area Operativa 03 - Meta-Guaviare-Guainía,Cundinamarca,Guayabetal,28/06/2019 00:00,,NIVEL,NV_MEDIA_D,Nivel medio diario,Diaria,2019-10-13 00:00,290.965991316932,50,,1200
3502700146,GUAYABETAL RIO NEGRO 1 - AUT [3502700146],4.227132,-73.819327,997,Limnigráfica,INSTITUTO DE HIDROLOGIA METEOROLOGIA Y ESTUDIOS AMBIENTALES,Area Operativa 03 - Meta-Guaviare-Guainía,Cundinamarca,Guayabetal,28/06/2019 00:00,,NIVEL,NV_MEDIA_D,Nivel medio diario,Diaria,2019-10-14 00:00,285.985528219971,50,,1200
3502700146,GUAYABETAL RIO NEGRO 1 - AUT [3502700146],4.227132,-73.819327,997,Limnigráfica,INSTITUTO DE HIDROLOGIA METEOROLOGIA Y ESTUDIOS AMBIENTALES,Area Operativa 03 - Meta-Guaviare-Guainía,Cundinamarca,Guayabetal,28/06/2019 00:00,,NIVEL,NV_MEDIA_D,Nivel medio diario,Diaria,2019-10-15 00:00,284.938583815029,50,,1200
3502700146,GUAYABETAL RIO NEGRO 1 - AUT [3502700146],4.227132,-73.819327,997,Limnigráfica,INSTITUTO DE HIDROLOGIA METEOROLOGIA Y ESTUDIOS AMBIENTALES,Area Operativa 03 - Meta-Guaviare-Guainía,Cundinamarca,Guayabetal,28/06/2019 00:00,,NIVEL,NV_MEDIA_D,Nivel medio diario,Diaria,2019-10-16 00:00,285.507971014493,50,,1200
3502700146,GUAYABETAL RIO NEGRO 1 - AUT [3502700146],4.227132,-73.819327,997,Limnigráfica,INSTITUTO DE HIDROLOGIA METEOROLOGIA Y ESTUDIOS AMBIENTALES,Area Operativa 03 - Meta-Guaviare-Guainía,Cundinamarca,Guayabetal,28/06/2019 00:00,,NIVEL,NV_MEDIA_D,Nivel medio diario,Diaria,2019-10-17 00:00,285.239538239538,50,,1200
3502700146,GUAYABETAL RIO NEGRO 1 - AUT [3502700146],4.227132,-73.819327,997,Limnigráfica,INSTITUTO DE HIDROLOGIA METEOROLOGIA Y ESTUDIOS AMBIENTALES,Area Operativa 03 - Meta-Guaviare-Guainía,Cundinamarca,Guayabetal,28/06/2019 00:00,,NIVEL,NV_MEDIA_D,Nivel medio diario,Diaria,2019-10-18 00:00,284.135642135642,50,,1200
3502700146,GUAYABETAL RIO NEGRO 1 - AUT [3502700146],4.227132,-73.819327,997,Limnigráfica,INSTITUTO DE HIDROLOGIA METEOROLOGIA Y ESTUDIOS AMBIENTALES,Area Operativa 03 - Meta-Guaviare-Guainía,Cundinamarca,Guayabetal,28/06/2019 00:00,,NIVEL,NV_MEDIA_D,Nivel medio diario,Diaria,2019-10-19 00:00,290.517341040462,50,,1200
3502700146,GUAYABETAL RIO NEGRO 1 - AUT [3502700146],4.227132,-73.819327,997,Limnigráfica,INSTITUTO DE HIDROLOGIA METEOROLOGIA Y ESTUDIOS AMBIENTALES,Area Operativa 03 - Meta-Guaviare-Guainía,Cundinamarca,Guayabetal,28/06/2019 00:00,,NIVEL,NV_MEDIA_D,Nivel medio diario,Diaria,2019-10-20 00:00,287.469696969697,50,,1200
3502700146,GUAYABETAL RIO NEGRO 1 - AUT [3502700146],4.227132,-73.819327,997,Limnigráfica,INSTITUTO DE HIDROLOGIA METEOROLOGIA Y ESTUDIOS AMBIENTALES,Area Operativa 03 - Meta-Guaviare-Guainía,Cundinamarca,Guayabetal,28/06/2019 00:00,,NIVEL,NV_MEDIA_D,Nivel medio diario,Diaria,2019-10-21 00:00,286.248196248196,50,,1200
3502700146,GUAYABETAL RIO NEGRO 1 - AUT [3502700146],4.227132,-73.819327,997,Limnigráfica,INSTITUTO DE HIDROLOGIA METEOROLOGIA Y ESTUDIOS AMBIENTALES,Area Operativa 03 - Meta-Guaviare-Guainía,Cundinamarca,Guayabetal,28/06/2019 00:00,,NIVEL,NV_MEDIA_D,Nivel medio diario,Diaria,2019-10-22 00:00,284.714285714286,50,,1200
3502700146,GUAYABETAL RIO NEGRO 1 - AUT [3502700146],4.227132,-73.819327,997,Limnigráfica,INSTITUTO DE HIDROLOGIA METEOROLOGIA Y ESTUDIOS AMBIENTALES,Area Operativa 03 - Meta-Guaviare-Guainía,Cundinamarca,Guayabetal,28/06/2019 00:00,,NIVEL,NV_MEDIA_D,Nivel medio diario,Diaria,2019-10-23 00:00,287.381498470948,50,,1200
3502700146,GUAYABETAL RIO NEGRO 1 - AUT [3502700146],4.227132,-73.819327,997,Limnigráfica,INSTITUTO DE HIDROLOGIA METEOROLOGIA Y ESTUDIOS AMBIENTALES,Area Operativa 03 - Meta-Guaviare-Guainía,Cundinamarca,Guayabetal,28/06/2019 00:00,,NIVEL,NV_MEDIA_D,Nivel medio diario,Diaria,2019-10-24 00:00,290.683908045977,50,,1200
3502700146,GUAYABETAL RIO NEGRO 1 - AUT [3502700146],4.227132,-73.819327,997,Limnigráfica,INSTITUTO DE HIDROLOGIA METEOROLOGIA Y ESTUDIOS AMBIENTALES,Area Operativa 03 - Meta-Guaviare-Guainía,Cundinamarca,Guayabetal,28/06/2019 00:00,,NIVEL,NV_MEDIA_D,Nivel medio diario,Diaria,2019-10-25 00:00,295.550161812298,50,,1200
3502700146,GUAYABETAL RIO NEGRO 1 - AUT [3502700146],4.227132,-73.819327,997,Limnigráfica,INSTITUTO DE HIDROLOGIA METEOROLOGIA Y ESTUDIOS AMBIENTALES,Area Operativa 03 - Meta-Guaviare-Guainía,Cundinamarca,Guayabetal,28/06/2019 00:00,,NIVEL,NV_MEDIA_D,Nivel medio diario,Diaria,2019-10-26 00:00,289.497784342688,50,,1200
3502700146,GUAYABETAL RIO NEGRO 1 - AUT [3502700146],4.227132,-73.819327,997,Limnigráfica,INSTITUTO DE HIDROLOGIA METEOROLOGIA Y ESTUDIOS AMBIENTALES,Area Operativa 03 - Meta-Guaviare-Guainía,Cundinamarca,Guayabetal,28/06/2019 00:00,,NIVEL,NV_MEDIA_D,Nivel medio diario,Diaria,2019-10-27 00:00,287.056040756914,50,,1200
3502700146,GUAYABETAL RIO NEGRO 1 - AUT [3502700146],4.227132,-73.819327,997,Limnigráfica,INSTITUTO DE HIDROLOGIA METEOROLOGIA Y ESTUDIOS AMBIENTALES,Area Operativa 03 - Meta-Guaviare-Guainía,Cundinamarca,Guayabetal,28/06/2019 00:00,,NIVEL,NV_MEDIA_D,Nivel medio diario,Diaria,2019-10-28 00:00,286.852702702703,50,,1200
3502700146,GUAYABETAL RIO NEGRO 1 - AUT [3502700146],4.227132,-73.819327,997,Limnigráfica,INSTITUTO DE HIDROLOGIA METEOROLOGIA Y ESTUDIOS AMBIENTALES,Area Operativa 03 - Meta-Guaviare-Guainía,Cundinamarca,Guayabetal,28/06/2019 00:00,,NIVEL,NV_MEDIA_D,Nivel medio diario,Diaria,2019-10-29 00:00,285.509090909091,50,,1200
3502700146,GUAYABETAL RIO NEGRO 1 - AUT [3502700146],4.227132,-73.819327,997,Limnigráfica,INSTITUTO DE HIDROLOGIA METEOROLOGIA Y ESTUDIOS AMBIENTALES,Area Operativa 03 - Meta-Guaviare-Guainía,Cundinamarca,Guayabetal,28/06/2019 00:00,,NIVEL,NV_MEDIA_D,Nivel medio diario,Diaria,2019-10-30 00:00,284.567821067821,50,,1200
3502700146,GUAYABETAL RIO NEGRO 1 - AUT [3502700146],4.227132,-73.819327,997,Limnigráfica,INSTITUTO DE HIDROLOGIA METEOROLOGIA Y ESTUDIOS AMBIENTALES,Area Operativa 03 - Meta-Guaviare-Guainía,Cundinamarca,Guayabetal,28/06/2019 00:00,,NIVEL,NV_MEDIA_D,Nivel medio diario,Diaria,2019-10-31 00:00,283.667388167388,50,,1200
3502700146,GUAYABETAL RIO NEGRO 1 - AUT [3502700146],4.227132,-73.819327,997,Limnigráfica,INSTITUTO DE HIDROLOGIA METEOROLOGIA Y ESTUDIOS AMBIENTALES,Area Operativa 03 - Meta-Guaviare-Guainía,Cundinamarca,Guayabetal,28/06/2019 00:00,,NIVEL,NV_MEDIA_D,Nivel medio diario,Diaria,2019-11-01 00:00,280.727930535456,50,,1200
3502700146,GUAYABETAL RIO NEGRO 1 - AUT [3502700146],4.227132,-73.819327,997,Limnigráfica,INSTITUTO DE HIDROLOGIA METEOROLOGIA Y ESTUDIOS AMBIENTALES,Area Operativa 03 - Meta-Guaviare-Guainía,Cundinamarca,Guayabetal,28/06/2019 00:00,,NIVEL,NV_MEDIA_D,Nivel medio diario,Diaria,2019-11-02 00:00,280.177489177489,50,,1200
3502700146,GUAYABETAL RIO NEGRO 1 - AUT [3502700146],4.227132,-73.819327,997,Limnigráfica,INSTITUTO DE HIDROLOGIA METEOROLOGIA Y ESTUDIOS AMBIENTALES,Area Operativa 03 - Meta-Guaviare-Guainía,Cundinamarca,Guayabetal,28/06/2019 00:00,,NIVEL,NV_MEDIA_D,Nivel medio diario,Diaria,2019-11-03 00:00,283.227272727273,50,,1200
3502700146,GUAYABETAL RIO NEGRO 1 - AUT [3502700146],4.227132,-73.819327,997,Limnigráfica,INSTITUTO DE HIDROLOGIA METEOROLOGIA Y ESTUDIOS AMBIENTALES,Area Operativa 03 - Meta-Guaviare-Guainía,Cundinamarca,Guayabetal,28/06/2019 00:00,,NIVEL,NV_MEDIA_D,Nivel medio diario,Diaria,2019-11-04 00:00,277.572871572872,50,,1200
3502700146,GUAYABETAL RIO NEGRO 1 - AUT [3502700146],4.227132,-73.819327,997,Limnigráfica,INSTITUTO DE HIDROLOGIA METEOROLOGIA Y ESTUDIOS AMBIENTALES,Area Operativa 03 - Meta-Guaviare-Guainía,Cundinamarca,Guayabetal,28/06/2019 00:00,,NIVEL,NV_MEDIA_D,Nivel medio diario,Diaria,2019-11-05 00:00,278.446608946609,50,,1200
3502700146,GUAYABETAL RIO NEGRO 1 - AUT [3502700146],4.227132,-73.819327,997,Limnigráfica,INSTITUTO DE HIDROLOGIA METEOROLOGIA Y ESTUDIOS AMBIENTALES,Area Operativa 03 - Meta-Guaviare-Guainía,Cundinamarca,Guayabetal,28/06/2019 00:00,,NIVEL,NV_MEDIA_D,Nivel medio diario,Diaria,2019-11-06 00:00,280.030598052851,50,,1200
3502700146,GUAYABETAL RIO NEGRO 1 - AUT [3502700146],4.227132,-73.819327,997,Limnigráfica,INSTITUTO DE HIDROLOGIA METEOROLOGIA Y ESTUDIOS AMBIENTALES,Area Operativa 03 - Meta-Guaviare-Guainía,Cundinamarca,Guayabetal,28/06/2019 00:00,,NIVEL,NV_MEDIA_D,Nivel medio diario,Diaria,2019-11-07 00:00,269.528219971056,50,,1200
3502700146,GUAYABETAL RIO NEGRO 1 - AUT [3502700146],4.227132,-73.819327,997,Limnigráfica,INSTITUTO DE HIDROLOGIA METEOROLOGIA Y ESTUDIOS AMBIENTALES,Area Operativa 03 - Meta-Guaviare-Guainía,Cundinamarca,Guayabetal,28/06/2019 00:00,,NIVEL,NV_MEDIA_D,Nivel medio diario,Diaria,2019-11-08 00:00,267.778472222222,50,,1200
3502700146,GUAYABETAL RIO NEGRO 1 - AUT [3502700146],4.227132,-73.819327,997,Limnigráfica,INSTITUTO DE HIDROLOGIA METEOROLOGIA Y ESTUDIOS AMBIENTALES,Area Operativa 03 - Meta-Guaviare-Guainía,Cundinamarca,Guayabetal,28/06/2019 00:00,,NIVEL,NV_MEDIA_D,Nivel medio diario,Diaria,2019-11-09 00:00,276.860869565217,50,,1200
3502700146,GUAYABETAL RIO NEGRO 1 - AUT [3502700146],4.227132,-73.819327,997,Limnigráfica,INSTITUTO DE HIDROLOGIA METEOROLOGIA Y ESTUDIOS AMBIENTALES,Area Operativa 03 - Meta-Guaviare-Guainía,Cundinamarca,Guayabetal,28/06/2019 00:00,,NIVEL,NV_MEDIA_D,Nivel medio diario,Diaria,2019-11-10 00:00,280.012336719884,50,,1200
3502700146,GUAYABETAL RIO NEGRO 1 - AUT [3502700146],4.227132,-73.819327,997,Limnigráfica,INSTITUTO DE HIDROLOGIA METEOROLOGIA Y ESTUDIOS AMBIENTALES,Area Operativa 03 - Meta-Guaviare-Guainía,Cundinamarca,Guayabetal,28/06/2019 00:00,,NIVEL,NV_MEDIA_D,Nivel medio diario,Diaria,2019-11-11 00:00,304.621933621934,50,,1200
3502700146,GUAYABETAL RIO NEGRO 1 - AUT [3502700146],4.227132,-73.819327,997,Limnigráfica,INSTITUTO DE HIDROLOGIA METEOROLOGIA Y ESTUDIOS AMBIENTALES,Area Operativa 03 - Meta-Guaviare-Guainía,Cundinamarca,Guayabetal,28/06/2019 00:00,,NIVEL,NV_MEDIA_D,Nivel medio diario,Diaria,2019-11-12 00:00,292.909722222222,50,,1200
3502700146,GUAYABETAL RIO NEGRO 1 - AUT [3502700146],4.227132,-73.819327,997,Limnigráfica,INSTITUTO DE HIDROLOGIA METEOROLOGIA Y ESTUDIOS AMBIENTALES,Area Operativa 03 - Meta-Guaviare-Guainía,Cundinamarca,Guayabetal,28/06/2019 00:00,,NIVEL,NV_MEDIA_D,Nivel medio diario,Diaria,2019-11-13 00:00,287.052098408104,50,,1200
3502700146,GUAYABETAL RIO NEGRO 1 - AUT [3502700146],4.227132,-73.819327,997,Limnigráfica,INSTITUTO DE HIDROLOGIA METEOROLOGIA Y ESTUDIOS AMBIENTALES,Area Operativa 03 - Meta-Guaviare-Guainía,Cundinamarca,Guayabetal,28/06/2019 00:00,,NIVEL,NV_MEDIA_D,Nivel medio diario,Diaria,2019-11-14 00:00,298.3625,50,,1200
3502700146,GUAYABETAL RIO NEGRO 1 - AUT [3502700146],4.227132,-73.819327,997,Limnigráfica,INSTITUTO DE HIDROLOGIA METEOROLOGIA Y ESTUDIOS AMBIENTALES,Area Operativa 03 - Meta-Guaviare-Guainía,Cundinamarca,Guayabetal,28/06/2019 00:00,,NIVEL,NV_MEDIA_D,Nivel medio diario,Diaria,2019-11-15 00:00,293.001579778831,50,,1200
3502700146,GUAYABETAL RIO NEGRO 1 - AUT [3502700146],4.227132,-73.819327,997,Limnigráfica,INSTITUTO DE HIDROLOGIA METEOROLOGIA Y ESTUDIOS AMBIENTALES,Area Operativa 03 - Meta-Guaviare-Guainía,Cundinamarca,Guayabetal,28/06/2019 00:00,,NIVEL,NV_MEDIA_D,Nivel medio diario,Diaria,2019-11-16 00:00,288.705555555556,50,,1200
3502700146,GUAYABETAL RIO NEGRO 1 - AUT [3502700146],4.227132,-73.819327,997,Limnigráfica,INSTITUTO DE HIDROLOGIA METEOROLOGIA Y ESTUDIOS AMBIENTALES,Area Operativa 03 - Meta-Guaviare-Guainía,Cundinamarca,Guayabetal,28/06/2019 00:00,,NIVEL,NV_MEDIA_D,Nivel medio diario,Diaria,2019-11-17 00:00,284.796460176991,50,,1200
3502700146,GUAYABETAL RIO NEGRO 1 - AUT [3502700146],4.227132,-73.819327,997,Limnigráfica,INSTITUTO DE HIDROLOGIA METEOROLOGIA Y ESTUDIOS AMBIENTALES,Area Operativa 03 - Meta-Guaviare-Guainía,Cundinamarca,Guayabetal,28/06/2019 00:00,,NIVEL,NV_MEDIA_D,Nivel medio diario,Diaria,2019-11-18 00:00,283.172119487909,50,,1200
3502700146,GUAYABETAL RIO NEGRO 1 - AUT [3502700146],4.227132,-73.819327,997,Limnigráfica,INSTITUTO DE HIDROLOGIA METEOROLOGIA Y ESTUDIOS AMBIENTALES,Area Operativa 03 - Meta-Guaviare-Guainía,Cundinamarca,Guayabetal,28/06/2019 00:00,,NIVEL,NV_MEDIA_D,Nivel medio diario,Diaria,2019-11-19 00:00,283.529745042493,50,,1200
3502700146,GUAYABETAL RIO NEGRO 1 - AUT [3502700146],4.227132,-73.819327,997,Limnigráfica,INSTITUTO DE HIDROLOGIA METEOROLOGIA Y ESTUDIOS AMBIENTALES,Area Operativa 03 - Meta-Guaviare-Guainía,Cundinamarca,Guayabetal,28/06/2019 00:00,,NIVEL,NV_MEDIA_D,Nivel medio diario,Diaria,2019-11-20 00:00,286.562600321027,50,,1200
3502700146,GUAYABETAL RIO NEGRO 1 - AUT [3502700146],4.227132,-73.819327,997,Limnigráfica,INSTITUTO DE HIDROLOGIA METEOROLOGIA Y ESTUDIOS AMBIENTALES,Area Operativa 03 - Meta-Guaviare-Guainía,Cundinamarca,Guayabetal,28/06/2019 00:00,,NIVEL,NV_MEDIA_D,Nivel medio diario,Diaria,2019-11-21 00:00,285.075456053068,50,,1200
3502700146,GUAYABETAL RIO NEGRO 1 - AUT [3502700146],4.227132,-73.819327,997,Limnigráfica,INSTITUTO DE HIDROLOGIA METEOROLOGIA Y ESTUDIOS AMBIENTALES,Area Operativa 03 - Meta-Guaviare-Guainía,Cundinamarca,Guayabetal,28/06/2019 00:00,,NIVEL,NV_MEDIA_D,Nivel medio diario,Diaria,2019-11-22 00:00,288.846153846154,50,,1200
3502700146,GUAYABETAL RIO NEGRO 1 - AUT [3502700146],4.227132,-73.819327,997,Limnigráfica,INSTITUTO DE HIDROLOGIA METEOROLOGIA Y ESTUDIOS AMBIENTALES,Area Operativa 03 - Meta-Guaviare-Guainía,Cundinamarca,Guayabetal,28/06/2019 00:00,,NIVEL,NV_MEDIA_D,Nivel medio diario,Diaria,2019-11-23 00:00,291.757894736842,50,,1200
3502700146,GUAYABETAL RIO NEGRO 1 - AUT [3502700146],4.227132,-73.819327,997,Limnigráfica,INSTITUTO DE HIDROLOGIA METEOROLOGIA Y ESTUDIOS AMBIENTALES,Area Operativa 03 - Meta-Guaviare-Guainía,Cundinamarca,Guayabetal,28/06/2019 00:00,,NIVEL,NV_MEDIA_D,Nivel medio diario,Diaria,2019-11-24 00:00,293.37893081761,50,,1200
3502700146,GUAYABETAL RIO NEGRO 1 - AUT [3502700146],4.227132,-73.819327,997,Limnigráfica,INSTITUTO DE HIDROLOGIA METEOROLOGIA Y ESTUDIOS AMBIENTALES,Area Operativa 03 - Meta-Guaviare-Guainía,Cundinamarca,Guayabetal,28/06/2019 00:00,,NIVEL,NV_MEDIA_D,Nivel medio diario,Diaria,2019-11-25 00:00,286.238060781476,50,,1200
3502700146,GUAYABETAL RIO NEGRO 1 - AUT [3502700146],4.227132,-73.819327,997,Limnigráfica,INSTITUTO DE HIDROLOGIA METEOROLOGIA Y ESTUDIOS AMBIENTALES,Area Operativa 03 - Meta-Guaviare-Guainía,Cundinamarca,Guayabetal,28/06/2019 00:00,,NIVEL,NV_MEDIA_D,Nivel medio diario,Diaria,2019-11-26 00:00,285.408713692946,50,,1200
3502700146,GUAYABETAL RIO NEGRO 1 - AUT [3502700146],4.227132,-73.819327,997,Limnigráfica,INSTITUTO DE HIDROLOGIA METEOROLOGIA Y ESTUDIOS AMBIENTALES,Area Operativa 03 - Meta-Guaviare-Guainía,Cundinamarca,Guayabetal,28/06/2019 00:00,,NIVEL,NV_MEDIA_D,Nivel medio diario,Diaria,2019-11-27 00:00,289.248407643312,50,,1200
3502700146,GUAYABETAL RIO NEGRO 1 - AUT [3502700146],4.227132,-73.819327,997,Limnigráfica,INSTITUTO DE HIDROLOGIA METEOROLOGIA Y ESTUDIOS AMBIENTALES,Area Operativa 03 - Meta-Guaviare-Guainía,Cundinamarca,Guayabetal,28/06/2019 00:00,,NIVEL,NV_MEDIA_D,Nivel medio diario,Diaria,2019-11-28 00:00,286.897510980966,50,,1200
3502700146,GUAYABETAL RIO NEGRO 1 - AUT [3502700146],4.227132,-73.819327,997,Limnigráfica,INSTITUTO DE HIDROLOGIA METEOROLOGIA Y ESTUDIOS AMBIENTALES,Area Operativa 03 - Meta-Guaviare-Guainía,Cundinamarca,Guayabetal,28/06/2019 00:00,,NIVEL,NV_MEDIA_D,Nivel medio diario,Diaria,2019-11-29 00:00,283.777858176556,50,,1200
3502700146,GUAYABETAL RIO NEGRO 1 - AUT [3502700146],4.227132,-73.819327,997,Limnigráfica,INSTITUTO DE HIDROLOGIA METEOROLOGIA Y ESTUDIOS AMBIENTALES,Area Operativa 03 - Meta-Guaviare-Guainía,Cundinamarca,Guayabetal,28/06/2019 00:00,,NIVEL,NV_MEDIA_D,Nivel medio diario,Diaria,2019-11-30 00:00,285.700443786982,50,,1200
3502700146,GUAYABETAL RIO NEGRO 1 - AUT [3502700146],4.227132,-73.819327,997,Limnigráfica,INSTITUTO DE HIDROLOGIA METEOROLOGIA Y ESTUDIOS AMBIENTALES,Area Operativa 03 - Meta-Guaviare-Guainía,Cundinamarca,Guayabetal,28/06/2019 00:00,,NIVEL,NV_MEDIA_D,Nivel medio diario,Diaria,2019-12-01 00:00,290.554190751445,50,,1200
3502700146,GUAYABETAL RIO NEGRO 1 - AUT [3502700146],4.227132,-73.819327,997,Limnigráfica,INSTITUTO DE HIDROLOGIA METEOROLOGIA Y ESTUDIOS AMBIENTALES,Area Operativa 03 - Meta-Guaviare-Guainía,Cundinamarca,Guayabetal,28/06/2019 00:00,,NIVEL,NV_MEDIA_D,Nivel medio diario,Diaria,2019-12-02 00:00,285.613603473227,50,,1200
3502700146,GUAYABETAL RIO NEGRO 1 - AUT [3502700146],4.227132,-73.819327,997,Limnigráfica,INSTITUTO DE HIDROLOGIA METEOROLOGIA Y ESTUDIOS AMBIENTALES,Area Operativa 03 - Meta-Guaviare-Guainía,Cundinamarca,Guayabetal,28/06/2019 00:00,,NIVEL,NV_MEDIA_D,Nivel medio diario,Diaria,2019-12-03 00:00,283.254716981132,50,,1200
3502700146,GUAYABETAL RIO NEGRO 1 - AUT [3502700146],4.227132,-73.819327,997,Limnigráfica,INSTITUTO DE HIDROLOGIA METEOROLOGIA Y ESTUDIOS AMBIENTALES,Area Operativa 03 - Meta-Guaviare-Guainía,Cundinamarca,Guayabetal,28/06/2019 00:00,,NIVEL,NV_MEDIA_D,Nivel medio diario,Diaria,2019-12-04 00:00,279.958092485549,50,,1200
3502700146,GUAYABETAL RIO NEGRO 1 - AUT [3502700146],4.227132,-73.819327,997,Limnigráfica,INSTITUTO DE HIDROLOGIA METEOROLOGIA Y ESTUDIOS AMBIENTALES,Area Operativa 03 - Meta-Guaviare-Guainía,Cundinamarca,Guayabetal,28/06/2019 00:00,,NIVEL,NV_MEDIA_D,Nivel medio diario,Diaria,2019-12-05 00:00,271.552325581395,50,,1200
3502700146,GUAYABETAL RIO NEGRO 1 - AUT [3502700146],4.227132,-73.819327,997,Limnigráfica,INSTITUTO DE HIDROLOGIA METEOROLOGIA Y ESTUDIOS AMBIENTALES,Area Operativa 03 - Meta-Guaviare-Guainía,Cundinamarca,Guayabetal,28/06/2019 00:00,,NIVEL,NV_MEDIA_D,Nivel medio diario,Diaria,2019-12-06 00:00,263.569172932331,50,,1200
3502700146,GUAYABETAL RIO NEGRO 1 - AUT [3502700146],4.227132,-73.819327,997,Limnigráfica,INSTITUTO DE HIDROLOGIA METEOROLOGIA Y ESTUDIOS AMBIENTALES,Area Operativa 03 - Meta-Guaviare-Guainía,Cundinamarca,Guayabetal,28/06/2019 00:00,,NIVEL,NV_MEDIA_D,Nivel medio diario,Diaria,2019-12-07 00:00,266.499040307102,50,,1200
3502700146,GUAYABETAL RIO NEGRO 1 - AUT [3502700146],4.227132,-73.819327,997,Limnigráfica,INSTITUTO DE HIDROLOGIA METEOROLOGIA Y ESTUDIOS AMBIENTALES,Area Operativa 03 - Meta-Guaviare-Guainía,Cundinamarca,Guayabetal,28/06/2019 00:00,,NIVEL,NV_MEDIA_D,Nivel medio diario,Diaria,2019-12-08 00:00,277.428294573643,50,,1200
3502700146,GUAYABETAL RIO NEGRO 1 - AUT [3502700146],4.227132,-73.819327,997,Limnigráfica,INSTITUTO DE HIDROLOGIA METEOROLOGIA Y ESTUDIOS AMBIENTALES,Area Operativa 03 - Meta-Guaviare-Guainía,Cundinamarca,Guayabetal,28/06/2019 00:00,,NIVEL,NV_MEDIA_D,Nivel medio diario,Diaria,2019-12-09 00:00,277.639971139971,50,,1200
3502700146,GUAYABETAL RIO NEGRO 1 - AUT [3502700146],4.227132,-73.819327,997,Limnigráfica,INSTITUTO DE HIDROLOGIA METEOROLOGIA Y ESTUDIOS AMBIENTALES,Area Operativa 03 - Meta-Guaviare-Guainía,Cundinamarca,Guayabetal,28/06/2019 00:00,,NIVEL,NV_MEDIA_D,Nivel medio diario,Diaria,2019-12-10 00:00,271.582481751825,50,,1200
3502700146,GUAYABETAL RIO NEGRO 1 - AUT [3502700146],4.227132,-73.819327,997,Limnigráfica,INSTITUTO DE HIDROLOGIA METEOROLOGIA Y ESTUDIOS AMBIENTALES,Area Operativa 03 - Meta-Guaviare-Guainía,Cundinamarca,Guayabetal,28/06/2019 00:00,,NIVEL,NV_MEDIA_D,Nivel medio diario,Diaria,2019-12-11 00:00,263.011611030479,50,,1200
3502700146,GUAYABETAL RIO NEGRO 1 - AUT [3502700146],4.227132,-73.819327,997,Limnigráfica,INSTITUTO DE HIDROLOGIA METEOROLOGIA Y ESTUDIOS AMBIENTALES,Area Operativa 03 - Meta-Guaviare-Guainía,Cundinamarca,Guayabetal,28/06/2019 00:00,,NIVEL,NV_MEDIA_D,Nivel medio diario,Diaria,2019-12-12 00:00,265.084415584416,50,,1200
3502700146,GUAYABETAL RIO NEGRO 1 - AUT [3502700146],4.227132,-73.819327,997,Limnigráfica,INSTITUTO DE HIDROLOGIA METEOROLOGIA Y ESTUDIOS AMBIENTALES,Area Operativa 03 - Meta-Guaviare-Guainía,Cundinamarca,Guayabetal,28/06/2019 00:00,,NIVEL,NV_MEDIA_D,Nivel medio diario,Diaria,2019-12-13 00:00,264.371552975327,50,,1200
3502700146,GUAYABETAL RIO NEGRO 1 - AUT [3502700146],4.227132,-73.819327,997,Limnigráfica,INSTITUTO DE HIDROLOGIA METEOROLOGIA Y ESTUDIOS AMBIENTALES,Area Operativa 03 - Meta-Guaviare-Guainía,Cundinamarca,Guayabetal,28/06/2019 00:00,,NIVEL,NV_MEDIA_D,Nivel medio diario,Diaria,2019-12-14 00:00,263.108946608947,50,,1200
3502700146,GUAYABETAL RIO NEGRO 1 - AUT [3502700146],4.227132,-73.819327,997,Limnigráfica,INSTITUTO DE HIDROLOGIA METEOROLOGIA Y ESTUDIOS AMBIENTALES,Area Operativa 03 - Meta-Guaviare-Guainía,Cundinamarca,Guayabetal,28/06/2019 00:00,,NIVEL,NV_MEDIA_D,Nivel medio diario,Diaria,2019-12-15 00:00,263.412790697674,50,,1200
3502700146,GUAYABETAL RIO NEGRO 1 - AUT [3502700146],4.227132,-73.819327,997,Limnigráfica,INSTITUTO DE HIDROLOGIA METEOROLOGIA Y ESTUDIOS AMBIENTALES,Area Operativa 03 - Meta-Guaviare-Guainía,Cundinamarca,Guayabetal,28/06/2019 00:00,,NIVEL,NV_MEDIA_D,Nivel medio diario,Diaria,2019-12-16 00:00,266.06204379562,50,,1200
3502700146,GUAYABETAL RIO NEGRO 1 - AUT [3502700146],4.227132,-73.819327,997,Limnigráfica,INSTITUTO DE HIDROLOGIA METEOROLOGIA Y ESTUDIOS AMBIENTALES,Area Operativa 03 - Meta-Guaviare-Guainía,Cundinamarca,Guayabetal,28/06/2019 00:00,,NIVEL,NV_MEDIA_D,Nivel medio diario,Diaria,2019-12-17 00:00,278.434343434343,50,,1200
3502700146,GUAYABETAL RIO NEGRO 1 - AUT [3502700146],4.227132,-73.819327,997,Limnigráfica,INSTITUTO DE HIDROLOGIA METEOROLOGIA Y ESTUDIOS AMBIENTALES,Area Operativa 03 - Meta-Guaviare-Guainía,Cundinamarca,Guayabetal,28/06/2019 00:00,,NIVEL,NV_MEDIA_D,Nivel medio diario,Diaria,2019-12-18 00:00,281.232680722892,50,,1200
3502700146,GUAYABETAL RIO NEGRO 1 - AUT [3502700146],4.227132,-73.819327,997,Limnigráfica,INSTITUTO DE HIDROLOGIA METEOROLOGIA Y ESTUDIOS AMBIENTALES,Area Operativa 03 - Meta-Guaviare-Guainía,Cundinamarca,Guayabetal,28/06/2019 00:00,,NIVEL,NV_MEDIA_D,Nivel medio diario,Diaria,2019-12-19 00:00,282.719033232628,50,,1200
3502700146,GUAYABETAL RIO NEGRO 1 - AUT [3502700146],4.227132,-73.819327,997,Limnigráfica,INSTITUTO DE HIDROLOGIA METEOROLOGIA Y ESTUDIOS AMBIENTALES,Area Operativa 03 - Meta-Guaviare-Guainía,Cundinamarca,Guayabetal,28/06/2019 00:00,,NIVEL,NV_MEDIA_D,Nivel medio diario,Diaria,2019-12-20 00:00,272.281960227273,50,,1200
3502700146,GUAYABETAL RIO NEGRO 1 - AUT [3502700146],4.227132,-73.819327,997,Limnigráfica,INSTITUTO DE HIDROLOGIA METEOROLOGIA Y ESTUDIOS AMBIENTALES,Area Operativa 03 - Meta-Guaviare-Guainía,Cundinamarca,Guayabetal,28/06/2019 00:00,,NIVEL,NV_MEDIA_D,Nivel medio diario,Diaria,2019-12-21 00:00,265.154078549849,50,,1200
3502700146,GUAYABETAL RIO NEGRO 1 - AUT [3502700146],4.227132,-73.819327,997,Limnigráfica,INSTITUTO DE HIDROLOGIA METEOROLOGIA Y ESTUDIOS AMBIENTALES,Area Operativa 03 - Meta-Guaviare-Guainía,Cundinamarca,Guayabetal,28/06/2019 00:00,,NIVEL,NV_MEDIA_D,Nivel medio diario,Diaria,2019-12-22 00:00,271.556040756914,50,,1200
3502700146,GUAYABETAL RIO NEGRO 1 - AUT [3502700146],4.227132,-73.819327,997,Limnigráfica,INSTITUTO DE HIDROLOGIA METEOROLOGIA Y ESTUDIOS AMBIENTALES,Area Operativa 03 - Meta-Guaviare-Guainía,Cundinamarca,Guayabetal,28/06/2019 00:00,,NIVEL,NV_MEDIA_D,Nivel medio diario,Diaria,2019-12-23 00:00,270.648044692737,50,,1200
3502700146,GUAYABETAL RIO NEGRO 1 - AUT [3502700146],4.227132,-73.819327,997,Limnigráfica,INSTITUTO DE HIDROLOGIA METEOROLOGIA Y ESTUDIOS AMBIENTALES,Area Operativa 03 - Meta-Guaviare-Guainía,Cundinamarca,Guayabetal,28/06/2019 00:00,,NIVEL,NV_MEDIA_D,Nivel medio diario,Diaria,2019-12-24 00:00,265.025974025974,50,,1200
3502700146,GUAYABETAL RIO NEGRO 1 - AUT [3502700146],4.227132,-73.819327,997,Limnigráfica,INSTITUTO DE HIDROLOGIA METEOROLOGIA Y ESTUDIOS AMBIENTALES,Area Operativa 03 - Meta-Guaviare-Guainía,Cundinamarca,Guayabetal,28/06/2019 00:00,,NIVEL,NV_MEDIA_D,Nivel medio diario,Diaria,2019-12-25 00:00,263.445022288262,50,,1200
3502700146,GUAYABETAL RIO NEGRO 1 - AUT [3502700146],4.227132,-73.819327,997,Limnigráfica,INSTITUTO DE HIDROLOGIA METEOROLOGIA Y ESTUDIOS AMBIENTALES,Area Operativa 03 - Meta-Guaviare-Guainía,Cundinamarca,Guayabetal,28/06/2019 00:00,,NIVEL,NV_MEDIA_D,Nivel medio diario,Diaria,2019-12-26 00:00,265.848046309696,50,,1200
3502700146,GUAYABETAL RIO NEGRO 1 - AUT [3502700146],4.227132,-73.819327,997,Limnigráfica,INSTITUTO DE HIDROLOGIA METEOROLOGIA Y ESTUDIOS AMBIENTALES,Area Operativa 03 - Meta-Guaviare-Guainía,Cundinamarca,Guayabetal,28/06/2019 00:00,,NIVEL,NV_MEDIA_D,Nivel medio diario,Diaria,2019-12-27 00:00,269.295093795094,50,,1200
3502700146,GUAYABETAL RIO NEGRO 1 - AUT [3502700146],4.227132,-73.819327,997,Limnigráfica,INSTITUTO DE HIDROLOGIA METEOROLOGIA Y ESTUDIOS AMBIENTALES,Area Operativa 03 - Meta-Guaviare-Guainía,Cundinamarca,Guayabetal,28/06/2019 00:00,,NIVEL,NV_MEDIA_D,Nivel medio diario,Diaria,2019-12-28 00:00,281.577200577201,50,,1200
3502700146,GUAYABETAL RIO NEGRO 1 - AUT [3502700146],4.227132,-73.819327,997,Limnigráfica,INSTITUTO DE HIDROLOGIA METEOROLOGIA Y ESTUDIOS AMBIENTALES,Area Operativa 03 - Meta-Guaviare-Guainía,Cundinamarca,Guayabetal,28/06/2019 00:00,,NIVEL,NV_MEDIA_D,Nivel medio diario,Diaria,2019-12-29 00:00,284.121739130435,50,,1200
3502700146,GUAYABETAL RIO NEGRO 1 - AUT [3502700146],4.227132,-73.819327,997,Limnigráfica,INSTITUTO DE HIDROLOGIA METEOROLOGIA Y ESTUDIOS AMBIENTALES,Area Operativa 03 - Meta-Guaviare-Guainía,Cundinamarca,Guayabetal,28/06/2019 00:00,,NIVEL,NV_MEDIA_D,Nivel medio diario,Diaria,2019-12-30 00:00,280.891461649783,50,,1200
3502700146,GUAYABETAL RIO NEGRO 1 - AUT [3502700146],4.227132,-73.819327,997,Limnigráfica,INSTITUTO DE HIDROLOGIA METEOROLOGIA Y ESTUDIOS AMBIENTALES,Area Operativa 03 - Meta-Guaviare-Guainía,Cundinamarca,Guayabetal,28/06/2019 00:00,,NIVEL,NV_MEDIA_D,Nivel medio diario,Diaria,2019-12-31 00:00,275.845875542692,50,,1200
3502700146,GUAYABETAL RIO NEGRO 1 - AUT [3502700146],4.227132,-73.819327,997,Limnigráfica,INSTITUTO DE HIDROLOGIA METEOROLOGIA Y ESTUDIOS AMBIENTALES,Area Operativa 03 - Meta-Guaviare-Guainía,Cundinamarca,Guayabetal,28/06/2019 00:00,,NIVEL,NV_MEDIA_D,Nivel medio diario,Diaria,2020-01-01 00:00,281.573082489146,50,,1200
3502700146,GUAYABETAL RIO NEGRO 1 - AUT [3502700146],4.227132,-73.819327,997,Limnigráfica,INSTITUTO DE HIDROLOGIA METEOROLOGIA Y ESTUDIOS AMBIENTALES,Area Operativa 03 - Meta-Guaviare-Guainía,Cundinamarca,Guayabetal,28/06/2019 00:00,,NIVEL,NV_MEDIA_D,Nivel medio diario,Diaria,2020-01-02 00:00,283.523154848046,50,,1200
3502700146,GUAYABETAL RIO NEGRO 1 - AUT [3502700146],4.227132,-73.819327,997,Limnigráfica,INSTITUTO DE HIDROLOGIA METEOROLOGIA Y ESTUDIOS AMBIENTALES,Area Operativa 03 - Meta-Guaviare-Guainía,Cundinamarca,Guayabetal,28/06/2019 00:00,,NIVEL,NV_MEDIA_D,Nivel medio diario,Diaria,2020-01-03 00:00,283.094436310395,50,,1200
3502700146,GUAYABETAL RIO NEGRO 1 - AUT [3502700146],4.227132,-73.819327,997,Limnigráfica,INSTITUTO DE HIDROLOGIA METEOROLOGIA Y ESTUDIOS AMBIENTALES,Area Operativa 03 - Meta-Guaviare-Guainía,Cundinamarca,Guayabetal,28/06/2019 00:00,,NIVEL,NV_MEDIA_D,Nivel medio diario,Diaria,2020-01-04 00:00,283.248892171344,50,,1200
3502700146,GUAYABETAL RIO NEGRO 1 - AUT [3502700146],4.227132,-73.819327,997,Limnigráfica,INSTITUTO DE HIDROLOGIA METEOROLOGIA Y ESTUDIOS AMBIENTALES,Area Operativa 03 - Meta-Guaviare-Guainía,Cundinamarca,Guayabetal,28/06/2019 00:00,,NIVEL,NV_MEDIA_D,Nivel medio diario,Diaria,2020-01-05 00:00,283.735119047619,50,,1200
3502700146,GUAYABETAL RIO NEGRO 1 - AUT [3502700146],4.227132,-73.819327,997,Limnigráfica,INSTITUTO DE HIDROLOGIA METEOROLOGIA Y ESTUDIOS AMBIENTALES,Area Operativa 03 - Meta-Guaviare-Guainía,Cundinamarca,Guayabetal,28/06/2019 00:00,,NIVEL,NV_MEDIA_D,Nivel medio diario,Diaria,2020-01-06 00:00,285.34492481203,50,,1200
3502700146,GUAYABETAL RIO NEGRO 1 - AUT [3502700146],4.227132,-73.819327,997,Limnigráfica,INSTITUTO DE HIDROLOGIA METEOROLOGIA Y ESTUDIOS AMBIENTALES,Area Operativa 03 - Meta-Guaviare-Guainía,Cundinamarca,Guayabetal,28/06/2019 00:00,,NIVEL,NV_MEDIA_D,Nivel medio diario,Diaria,2020-01-07 00:00,285.514598540146,50,,1200
3502700146,GUAYABETAL RIO NEGRO 1 - AUT [3502700146],4.227132,-73.819327,997,Limnigráfica,INSTITUTO DE HIDROLOGIA METEOROLOGIA Y ESTUDIOS AMBIENTALES,Area Operativa 03 - Meta-Guaviare-Guainía,Cundinamarca,Guayabetal,28/06/2019 00:00,,NIVEL,NV_MEDIA_D,Nivel medio diario,Diaria,2020-01-08 00:00,285.593158660844,50,,1200
3502700146,GUAYABETAL RIO NEGRO 1 - AUT [3502700146],4.227132,-73.819327,997,Limnigráfica,INSTITUTO DE HIDROLOGIA METEOROLOGIA Y ESTUDIOS AMBIENTALES,Area Operativa 03 - Meta-Guaviare-Guainía,Cundinamarca,Guayabetal,28/06/2019 00:00,,NIVEL,NV_MEDIA_D,Nivel medio diario,Diaria,2020-01-09 00:00,285.976911976912,50,,1200
3502700146,GUAYABETAL RIO NEGRO 1 - AUT [3502700146],4.227132,-73.819327,997,Limnigráfica,INSTITUTO DE HIDROLOGIA METEOROLOGIA Y ESTUDIOS AMBIENTALES,Area Operativa 03 - Meta-Guaviare-Guainía,Cundinamarca,Guayabetal,28/06/2019 00:00,,NIVEL,NV_MEDIA_D,Nivel medio diario,Diaria,2020-01-10 00:00,285.669319826339,50,,1200
3502700146,GUAYABETAL RIO NEGRO 1 - AUT [3502700146],4.227132,-73.819327,997,Limnigráfica,INSTITUTO DE HIDROLOGIA METEOROLOGIA Y ESTUDIOS AMBIENTALES,Area Operativa 03 - Meta-Guaviare-Guainía,Cundinamarca,Guayabetal,28/06/2019 00:00,,NIVEL,NV_MEDIA_D,Nivel medio diario,Diaria,2020-01-11 00:00,282.901306240929,50,,1200
3502700146,GUAYABETAL RIO NEGRO 1 - AUT [3502700146],4.227132,-73.819327,997,Limnigráfica,INSTITUTO DE HIDROLOGIA METEOROLOGIA Y ESTUDIOS AMBIENTALES,Area Operativa 03 - Meta-Guaviare-Guainía,Cundinamarca,Guayabetal,28/06/2019 00:00,,NIVEL,NV_MEDIA_D,Nivel medio diario,Diaria,2020-01-12 00:00,285.489840348331,50,,1200
3502700146,GUAYABETAL RIO NEGRO 1 - AUT [3502700146],4.227132,-73.819327,997,Limnigráfica,INSTITUTO DE HIDROLOGIA METEOROLOGIA Y ESTUDIOS AMBIENTALES,Area Operativa 03 - Meta-Guaviare-Guainía,Cundinamarca,Guayabetal,28/06/2019 00:00,,NIVEL,NV_MEDIA_D,Nivel medio diario,Diaria,2020-01-13 00:00,287.432675044883,50,,1200
3502700146,GUAYABETAL RIO NEGRO 1 - AUT [3502700146],4.227132,-73.819327,997,Limnigráfica,INSTITUTO DE HIDROLOGIA METEOROLOGIA Y ESTUDIOS AMBIENTALES,Area Operativa 03 - Meta-Guaviare-Guainía,Cundinamarca,Guayabetal,28/06/2019 00:00,,NIVEL,NV_MEDIA_D,Nivel medio diario,Diaria,2020-01-14 00:00,288.154214559387,50,,1200
3502700146,GUAYABETAL RIO NEGRO 1 - AUT [3502700146],4.227132,-73.819327,997,Limnigráfica,INSTITUTO DE HIDROLOGIA METEOROLOGIA Y ESTUDIOS AMBIENTALES,Area Operativa 03 - Meta-Guaviare-Guainía,Cundinamarca,Guayabetal,28/06/2019 00:00,,NIVEL,NV_MEDIA_D,Nivel medio diario,Diaria,2020-01-15 00:00,287.74025974026,50,,1200
3502700146,GUAYABETAL RIO NEGRO 1 - AUT [3502700146],4.227132,-73.819327,997,Limnigráfica,INSTITUTO DE HIDROLOGIA METEOROLOGIA Y ESTUDIOS AMBIENTALES,Area Operativa 03 - Meta-Guaviare-Guainía,Cundinamarca,Guayabetal,28/06/2019 00:00,,NIVEL,NV_MEDIA_D,Nivel medio diario,Diaria,2020-01-16 00:00,284.937950937951,50,,1200
3502700146,GUAYABETAL RIO NEGRO 1 - AUT [3502700146],4.227132,-73.819327,997,Limnigráfica,INSTITUTO DE HIDROLOGIA METEOROLOGIA Y ESTUDIOS AMBIENTALES,Area Operativa 03 - Meta-Guaviare-Guainía,Cundinamarca,Guayabetal,28/06/2019 00:00,,NIVEL,NV_MEDIA_D,Nivel medio diario,Diaria,2020-01-17 00:00,284.661616161616,50,,1200
3502700146,GUAYABETAL RIO NEGRO 1 - AUT [3502700146],4.227132,-73.819327,997,Limnigráfica,INSTITUTO DE HIDROLOGIA METEOROLOGIA Y ESTUDIOS AMBIENTALES,Area Operativa 03 - Meta-Guaviare-Guainía,Cundinamarca,Guayabetal,28/06/2019 00:00,,NIVEL,NV_MEDIA_D,Nivel medio diario,Diaria,2020-01-18 00:00,269.957184325109,50,,1200
3502700146,GUAYABETAL RIO NEGRO 1 - AUT [3502700146],4.227132,-73.819327,997,Limnigráfica,INSTITUTO DE HIDROLOGIA METEOROLOGIA Y ESTUDIOS AMBIENTALES,Area Operativa 03 - Meta-Guaviare-Guainía,Cundinamarca,Guayabetal,28/06/2019 00:00,,NIVEL,NV_MEDIA_D,Nivel medio diario,Diaria,2020-01-19 00:00,274.694202898551,50,,1200
3502700146,GUAYABETAL RIO NEGRO 1 - AUT [3502700146],4.227132,-73.819327,997,Limnigráfica,INSTITUTO DE HIDROLOGIA METEOROLOGIA Y ESTUDIOS AMBIENTALES,Area Operativa 03 - Meta-Guaviare-Guainía,Cundinamarca,Guayabetal,28/06/2019 00:00,,NIVEL,NV_MEDIA_D,Nivel medio diario,Diaria,2020-01-20 00:00,283.595930232558,50,,1200
